timestamp,target_population,current_population,object_type,operation,duration_sec,cpu_percent,memory_percent,status_code,error
2025-04-07T22:12:37.809263,10,10,todos,CREATE,0.0030625000363215804,35.3,80.9,201,
2025-04-07T22:12:37.812552,10,11,todos,UPDATE,0.0033025830052793026,0.0,80.9,200,
2025-04-07T22:12:37.815965,10,11,todos,DELETE,0.0026071250322274864,50.0,80.9,200,
2025-04-07T22:12:37.818615,10,10,todos,DELETE,0.004745999991428107,33.3,80.9,200,
2025-04-07T22:12:37.823405,10,9,todos,CREATE,0.0033707499969750643,66.7,80.9,201,
2025-04-07T22:12:37.826934,10,10,todos,DELETE,0.0034000420127995312,50.0,80.9,200,
2025-04-07T22:12:37.830419,10,9,todos,CREATE,0.0036007080343551934,80.0,80.9,201,
2025-04-07T22:12:37.834088,10,10,todos,CREATE,0.0062601250247098505,66.7,80.9,201,
2025-04-07T22:12:37.840458,10,11,todos,DELETE,0.002944457984995097,66.7,80.9,200,
2025-04-07T22:12:37.843504,10,10,todos,UPDATE,0.003873625013511628,0.0,80.9,200,
2025-04-07T22:12:37.847493,10,10,categories,CREATE,0.002928834001068026,0.0,80.9,201,
2025-04-07T22:12:37.850479,10,11,categories,CREATE,0.0030011250055395067,0.0,80.9,201,
2025-04-07T22:12:37.853663,10,12,categories,UPDATE,0.0034728330210782588,0.0,80.9,200,
2025-04-07T22:12:37.857352,10,12,categories,DELETE,0.005662958021275699,0.0,80.9,200,
2025-04-07T22:12:37.863082,10,11,categories,UPDATE,0.006862791953608394,0.0,80.9,200,
2025-04-07T22:12:37.870095,10,11,categories,DELETE,0.003432040975894779,0.0,80.9,200,
2025-04-07T22:12:37.873586,10,10,categories,CREATE,0.006535541964694858,0.0,80.9,201,
2025-04-07T22:12:37.880243,10,11,categories,DELETE,0.004688375047408044,0.0,80.9,200,
2025-04-07T22:12:37.885092,10,10,categories,CREATE,0.008511457999702543,0.0,80.9,201,
2025-04-07T22:12:37.893677,10,11,categories,CREATE,0.0045295419986359775,0.0,80.9,201,
2025-04-07T22:12:37.898339,10,10,projects,DELETE,0.0031033330014906824,0.0,80.9,200,
2025-04-07T22:12:37.901568,10,9,projects,UPDATE,0.003488083020783961,0.0,80.9,200,
2025-04-07T22:12:37.905244,10,9,projects,UPDATE,0.003075541986618191,0.0,80.9,200,
2025-04-07T22:12:37.908544,10,9,projects,DELETE,0.0025969159905798733,0.0,80.9,200,
2025-04-07T22:12:37.911186,10,8,projects,UPDATE,0.0031392090022563934,0.0,80.9,200,
2025-04-07T22:12:37.914529,10,8,projects,CREATE,0.0032036249758675694,0.0,80.9,201,
2025-04-07T22:12:37.917875,10,9,projects,UPDATE,0.008311457990203053,0.0,80.9,200,
2025-04-07T22:12:37.926400,10,9,projects,UPDATE,0.00306695798644796,0.0,80.9,200,
2025-04-07T22:12:37.929671,10,9,projects,DELETE,0.0032426659599877894,0.0,80.9,200,
2025-04-07T22:12:37.932999,10,8,projects,CREATE,0.004352417017798871,0.0,80.9,201,
2025-04-07T22:12:38.367734,50,50,todos,CREATE,0.003079958027228713,0.0,80.9,201,
2025-04-07T22:12:38.370935,50,51,todos,CREATE,0.002913417003583163,0.0,80.9,201,
2025-04-07T22:12:38.373959,50,52,todos,CREATE,0.003281624987721443,0.0,80.9,201,
2025-04-07T22:12:38.377349,50,53,todos,UPDATE,0.005000167002435774,0.0,80.9,200,
2025-04-07T22:12:38.382466,50,53,todos,DELETE,0.0028190829907543957,0.0,80.9,200,
2025-04-07T22:12:38.385341,50,52,todos,DELETE,0.002824834024067968,0.0,80.9,200,
2025-04-07T22:12:38.388213,50,51,todos,UPDATE,0.003286166989710182,0.0,80.9,200,
2025-04-07T22:12:38.391679,50,51,todos,CREATE,0.0031935409642755985,0.0,80.9,201,
2025-04-07T22:12:38.394951,50,52,todos,UPDATE,0.003249000001233071,0.0,80.9,200,
2025-04-07T22:12:38.398360,50,52,todos,CREATE,0.005348208011128008,0.0,80.9,201,
2025-04-07T22:12:38.403806,50,50,categories,DELETE,0.0025673750205896795,0.0,80.9,200,
2025-04-07T22:12:38.406550,50,49,categories,CREATE,0.0027250410057604313,0.0,80.9,201,
2025-04-07T22:12:38.409330,50,50,categories,CREATE,0.002786375000141561,0.0,80.9,201,
2025-04-07T22:12:38.412228,50,51,categories,CREATE,0.0025309170014224946,0.0,80.9,201,
2025-04-07T22:12:38.414919,50,52,categories,DELETE,0.003480750019662082,0.0,80.9,200,
2025-04-07T22:12:38.418481,50,51,categories,UPDATE,0.005410625017248094,0.0,80.9,200,
2025-04-07T22:12:38.423979,50,51,categories,CREATE,0.003871207998599857,0.0,80.9,201,
2025-04-07T22:12:38.427906,50,52,categories,CREATE,0.0029116669902577996,0.0,80.9,201,
2025-04-07T22:12:38.430913,50,53,categories,CREATE,0.0028850000235252082,0.0,80.9,201,
2025-04-07T22:12:38.433884,50,54,categories,CREATE,0.002490875020157546,0.0,80.9,201,
2025-04-07T22:12:38.436463,50,50,projects,UPDATE,0.004116458992939442,0.0,80.9,200,
2025-04-07T22:12:38.440809,50,50,projects,DELETE,0.008615583006758243,0.0,80.9,200,
2025-04-07T22:12:38.449493,50,49,projects,DELETE,0.0028417499852366745,0.0,80.9,200,
2025-04-07T22:12:38.452449,50,48,projects,DELETE,0.0024710000143386424,0.0,80.9,200,
2025-04-07T22:12:38.454999,50,47,projects,DELETE,0.0038437909679487348,0.0,80.9,200,
2025-04-07T22:12:38.459037,50,46,projects,DELETE,0.004977624979801476,0.0,80.9,200,
2025-04-07T22:12:38.464073,50,45,projects,CREATE,0.0036305420217104256,0.0,80.9,201,
2025-04-07T22:12:38.467913,50,46,projects,UPDATE,0.005544042040128261,0.0,80.9,200,
2025-04-07T22:12:38.473708,50,46,projects,DELETE,0.0035719170118682086,59.0,80.9,200,
2025-04-07T22:12:38.477345,50,45,projects,CREATE,0.004516332992352545,100.0,80.9,201,
2025-04-07T22:12:39.141899,100,100,todos,CREATE,0.00258883397327736,51.3,81.0,201,
2025-04-07T22:12:39.144662,100,101,todos,CREATE,0.0032679999712854624,33.3,81.0,201,
2025-04-07T22:12:39.148060,100,102,todos,CREATE,0.003548750013578683,75.0,81.0,201,
2025-04-07T22:12:39.151739,100,103,todos,UPDATE,0.003793374984525144,0.0,81.0,200,
2025-04-07T22:12:39.155640,100,103,todos,DELETE,0.0032115000067278743,0.0,81.0,200,
2025-04-07T22:12:39.158917,100,102,todos,CREATE,0.0049142499919980764,0.0,81.0,201,
2025-04-07T22:12:39.163923,100,103,todos,CREATE,0.002683541039004922,0.0,81.0,201,
2025-04-07T22:12:39.166731,100,104,todos,UPDATE,0.0030161250033415854,0.0,81.0,200,
2025-04-07T22:12:39.169875,100,104,todos,UPDATE,0.0027651249547488987,0.0,81.0,200,
2025-04-07T22:12:39.172739,100,104,todos,DELETE,0.003088708035647869,0.0,81.0,200,
2025-04-07T22:12:39.175877,100,100,categories,CREATE,0.0023554159561172128,0.0,81.0,201,
2025-04-07T22:12:39.178287,100,101,categories,CREATE,0.004526750009972602,0.0,81.0,201,
2025-04-07T22:12:39.182923,100,102,categories,CREATE,0.002286457980517298,0.0,81.0,201,
2025-04-07T22:12:39.185301,100,103,categories,CREATE,0.0025274590007029474,0.0,81.0,201,
2025-04-07T22:12:39.187907,100,104,categories,CREATE,0.0024481670116074383,0.0,81.0,201,
2025-04-07T22:12:39.190461,100,105,categories,DELETE,0.005450166994705796,0.0,81.0,200,
2025-04-07T22:12:39.196027,100,104,categories,CREATE,0.0028228749870322645,0.0,81.0,201,
2025-04-07T22:12:39.198933,100,105,categories,DELETE,0.002622166008222848,0.0,81.0,200,
2025-04-07T22:12:39.201661,100,104,categories,DELETE,0.002346790977753699,0.0,81.0,200,
2025-04-07T22:12:39.204060,100,103,categories,DELETE,0.003446167043875903,0.0,81.0,200,
2025-04-07T22:12:39.207564,100,100,projects,UPDATE,0.002427250030450523,0.0,81.0,200,
2025-04-07T22:12:39.210336,100,100,projects,CREATE,0.0021032500080764294,0.0,81.0,201,
2025-04-07T22:12:39.212640,100,101,projects,UPDATE,0.002175792003981769,0.0,81.0,200,
2025-04-07T22:12:39.214983,100,101,projects,CREATE,0.0026526250294409692,0.0,81.0,201,
2025-04-07T22:12:39.217758,100,102,projects,UPDATE,0.004657791985664517,0.0,81.0,200,
2025-04-07T22:12:39.222656,100,102,projects,CREATE,0.002377416007220745,0.0,81.0,201,
2025-04-07T22:12:39.225204,100,103,projects,CREATE,0.0020775829907506704,0.0,81.0,201,
2025-04-07T22:12:39.227420,100,104,projects,CREATE,0.0047980829840525985,0.0,81.0,201,
2025-04-07T22:12:39.232402,100,105,projects,UPDATE,0.0020365410018712282,0.0,81.0,200,
2025-04-07T22:12:39.234623,100,105,projects,DELETE,0.0019339589634910226,0.0,81.0,200,
2025-04-07T22:12:40.073030,200,200,todos,UPDATE,0.0025148330023512244,44.6,80.7,200,
2025-04-07T22:12:40.075701,200,200,todos,CREATE,0.002780624956358224,0.0,80.7,201,
2025-04-07T22:12:40.078547,200,201,todos,CREATE,0.0042696669697761536,0.0,80.7,201,
2025-04-07T22:12:40.082916,200,202,todos,CREATE,0.004776249988935888,50.0,80.7,201,
2025-04-07T22:12:40.087804,200,203,todos,DELETE,0.0020816249889321625,75.0,80.7,200,
2025-04-07T22:12:40.089974,200,202,todos,CREATE,0.0022085410309955478,66.7,80.7,201,
2025-04-07T22:12:40.092253,200,203,todos,UPDATE,0.002432041976135224,0.0,80.7,200,
2025-04-07T22:12:40.094815,200,203,todos,UPDATE,0.002449750027153641,100.0,80.7,200,
2025-04-07T22:12:40.097389,200,203,todos,UPDATE,0.005019208008889109,0.0,80.7,200,
2025-04-07T22:12:40.102527,200,203,todos,UPDATE,0.0026467919815331697,0.0,80.7,200,
2025-04-07T22:12:40.105322,200,200,categories,CREATE,0.0026522499974817038,0.0,80.7,201,
2025-04-07T22:12:40.108035,200,201,categories,UPDATE,0.0028049999964423478,0.0,80.7,200,
2025-04-07T22:12:40.110966,200,201,categories,UPDATE,0.0032957500079646707,0.0,80.7,200,
2025-04-07T22:12:40.114350,200,201,categories,UPDATE,0.002359790960326791,0.0,80.7,200,
2025-04-07T22:12:40.116796,200,201,categories,DELETE,0.003995749983005226,0.0,80.7,200,
2025-04-07T22:12:40.120840,200,200,categories,UPDATE,0.0024802919942885637,0.0,80.7,200,
2025-04-07T22:12:40.123430,200,200,categories,CREATE,0.002083999977912754,0.0,80.7,201,
2025-04-07T22:12:40.125569,200,201,categories,DELETE,0.0034524999791756272,0.0,80.7,200,
2025-04-07T22:12:40.129106,200,200,categories,CREATE,0.0026005840045399964,0.0,80.7,201,
2025-04-07T22:12:40.131768,200,201,categories,DELETE,0.002204290998633951,0.0,80.7,200,
2025-04-07T22:12:40.134076,200,200,projects,DELETE,0.009090124978683889,0.0,80.7,200,
2025-04-07T22:12:40.143232,200,199,projects,CREATE,0.06456920795608312,0.0,80.7,201,
2025-04-07T22:12:40.207949,200,200,projects,DELETE,0.0035553749767132103,0.0,80.7,200,
2025-04-07T22:12:40.211952,200,199,projects,CREATE,0.004018708015792072,0.0,80.7,201,
2025-04-07T22:12:40.216304,200,200,projects,UPDATE,0.014756250020582229,0.0,80.7,200,
2025-04-07T22:12:40.231402,200,200,projects,DELETE,0.057666625012643635,0.0,80.7,200,
2025-04-07T22:12:40.289154,200,199,projects,DELETE,0.020989625016227365,0.0,80.7,200,
2025-04-07T22:12:40.310246,200,198,projects,CREATE,0.044963874970562756,0.0,80.7,201,
2025-04-07T22:12:40.358866,200,199,projects,DELETE,0.005046124977525324,0.0,80.7,200,
2025-04-07T22:12:40.364076,200,198,projects,UPDATE,0.0035547500010579824,0.0,80.7,200,
2025-04-07T22:12:42.522029,500,500,todos,DELETE,0.002022207947447896,48.8,81.0,200,
2025-04-07T22:12:42.524094,500,499,todos,CREATE,0.001940749993082136,33.3,81.0,201,
2025-04-07T22:12:42.526101,500,500,todos,CREATE,0.002668459026608616,0.0,81.0,201,
2025-04-07T22:12:42.528885,500,501,todos,UPDATE,0.0025791249936446548,0.0,81.0,200,
2025-04-07T22:12:42.531607,500,501,todos,UPDATE,0.00310550001449883,0.0,81.0,200,
2025-04-07T22:12:42.534849,500,501,todos,UPDATE,0.0022917920141480863,0.0,81.0,200,
2025-04-07T22:12:42.537244,500,501,todos,UPDATE,0.004330166964791715,0.0,81.0,200,
2025-04-07T22:12:42.541672,500,501,todos,CREATE,0.0023765000514686108,0.0,81.0,201,
2025-04-07T22:12:42.544122,500,502,todos,UPDATE,0.0022720000124536455,0.0,81.0,200,
2025-04-07T22:12:42.546530,500,502,todos,CREATE,0.001546707993838936,0.0,81.0,201,
2025-04-07T22:12:42.548133,500,500,categories,DELETE,0.0016140409861691296,0.0,81.0,200,
2025-04-07T22:12:42.549831,500,499,categories,UPDATE,0.0019018750172108412,0.0,81.0,200,
2025-04-07T22:12:42.551800,500,499,categories,UPDATE,0.0021795830107294023,0.0,81.0,200,
2025-04-07T22:12:42.554056,500,499,categories,DELETE,0.001953667029738426,0.0,81.0,200,
2025-04-07T22:12:42.556058,500,498,categories,CREATE,0.0017431669984944165,0.0,81.0,201,
2025-04-07T22:12:42.557852,500,499,categories,UPDATE,0.0023325830115936697,0.0,81.0,200,
2025-04-07T22:12:42.560296,500,499,categories,UPDATE,0.0020133749931119382,0.0,81.0,200,
2025-04-07T22:12:42.562394,500,499,categories,CREATE,0.001997250015847385,0.0,81.0,201,
2025-04-07T22:12:42.564447,500,500,categories,CREATE,0.004368249967228621,0.0,81.0,201,
2025-04-07T22:12:42.568892,500,501,categories,CREATE,0.0015810420154593885,0.0,81.0,201,
2025-04-07T22:12:42.570548,500,500,projects,CREATE,0.0017212500097230077,0.0,81.0,201,
2025-04-07T22:12:42.572472,500,501,projects,DELETE,0.001869458006694913,0.0,81.0,200,
2025-04-07T22:12:42.574423,500,500,projects,UPDATE,0.0018262080266140401,0.0,81.0,200,
2025-04-07T22:12:42.576389,500,500,projects,DELETE,0.0015627910033799708,0.0,81.0,200,
2025-04-07T22:12:42.577986,500,499,projects,UPDATE,0.0018122079782187939,0.0,81.0,200,
2025-04-07T22:12:42.579987,500,499,projects,CREATE,0.001467707974370569,0.0,81.0,201,
2025-04-07T22:12:42.581533,500,500,projects,CREATE,0.0015677079791203141,0.0,81.0,201,
2025-04-07T22:12:42.583285,500,501,projects,CREATE,0.0014548330218531191,0.0,81.0,201,
2025-04-07T22:12:42.584940,500,502,projects,UPDATE,0.001575250003952533,0.0,81.0,200,
2025-04-07T22:12:42.586674,500,502,projects,UPDATE,0.001578541996423155,0.0,81.0,200,
